X_DATA, Y_DATA
0.0, 0.0
0.2727272727272727, 0.5454545454545454
0.5454545454545454, 1.0909090909090908
0.8181818181818181, 1.6363636363636362
1.0909090909090908, 2.1818181818181817
1.3636363636363635, 2.727272727272727
1.6363636363636362, 3.2727272727272725
1.909090909090909, 3.818181818181818
2.1818181818181817, 4.363636363636363
2.454545454545454, 4.909090909090908
2.727272727272727, 5.454545454545454
3.0, 6.0